Metagenome	GH	custom_label_upd	is_selected_upd	Name	Pairwise Identity	Accession	Bit-Score	Description	E Value	BlastHitOrganism	Query	BlastHitTaxonomy	gene_id	fasta	RPKM	scaffold	KaijuTaxonomy	Domain	Phylum	Class	Order	Family	Genus	Species	Order_mg_gh_abund	Order_mg_abund	Order_mg_cnt	custom_label	is_selected	custom_label_upd_cnt
Control	GH13	GH13: Acidimicrobiales	1	MBA2636885	88.7	MBA2636885	928.317	alpha-amylase family protein [Solirubrobacterales bacterium]	0.0	Solirubrobacterales bacterium	default_control_NODE_15560_length_3703_cov_6.164093_3	Bacteria; Actinomycetota; Thermoleophilia; Solirubrobacterales	default_control_NODE_15560_length_3703_cov_6.164093_3	default_control	2.7263	NODE_15560_length_3703_cov_6.164093	cellular organisms; Bacteria; Terrabacteria group; Actinomycetota; Acidimicrobiia; Acidimicrobiales; Iamiaceae; Iamia; unclassified Iamia; Iamia sp. SCSIO 61187; 	Bacteria	Actinomycetota	Acidimicrobiia	Acidimicrobiales	Iamiaceae	Iamia	unclassified Iamia	3.004291845493562	2.046783625730994	7	GH13: Acidimicrobiales	1	7
Control	GH13	GH13: Bacillales	1	WP_237663423	94.3	WP_237663423	1119.76	type I pullulanase [Sutcliffiella horikoshii]	0.0	Sutcliffiella horikoshii	default_control_NODE_23781_length_3003_cov_2.130554_1	Bacteria; Bacillota; Bacilli; Bacillales; Bacillaceae; Sutcliffiella	default_control_NODE_23781_length_3003_cov_2.130554_1	default_control	0.5795	NODE_23781_length_3003_cov_2.130554	cellular organisms; Bacteria; Terrabacteria group; Bacillota; Bacilli; Bacillales; Bacillaceae; Sutcliffiella; Sutcliffiella horikoshii; 	Bacteria	Bacillota	Bacilli	Bacillales	Bacillaceae	Sutcliffiella	Sutcliffiella horikoshii	0.8583690987124464	0.5847953216374269	2	GH13: Bacillales	0	2
Control	GH13	GH13: Cytophagales	1	MBA2245605	78.4	MBA2245605	991.875	glycogen debranching protein GlgX [Gemmatimonadota bacterium]	0.0	Gemmatimonadota bacterium	default_control_NODE_31007_length_2636_cov_2.729582_2	Bacteria; Gemmatimonadota	default_control_NODE_31007_length_2636_cov_2.729582_2	default_control	1.4153	NODE_31007_length_2636_cov_2.729582	cellular organisms; Bacteria; FCB group; Bacteroidota/Chlorobiota group; Bacteroidota; Cytophagia; Cytophagales; Hymenobacteraceae; Adhaeribacter; Adhaeribacter soli; 	Bacteria	Bacteroidota	Cytophagia	Cytophagales	Hymenobacteraceae	Pontibacter	unclassified Hymenobacteraceae	0.4291845493562232	0.29239766081871343	1	GH13: Cytophagales	0	1
Control	GH13	GH13: Hyphomicrobiales	1	WP_169285030	89.7	WP_169285030	829.321	glycogen debranching protein GlgX [Chelativorans sp. ZYF759]	0.0	Chelativorans sp.	default_control_NODE_27692_length_2784_cov_9.058367_1	Bacteria; Pseudomonadota; Alphaproteobacteria; Hyphomicrobiales; Phyllobacteriaceae; Chelativorans	default_control_NODE_27692_length_2784_cov_9.058367_1	default_control	5.5699	NODE_27692_length_2784_cov_9.058367	cellular organisms; Bacteria; Pseudomonadota; Alphaproteobacteria; Hyphomicrobiales; Phyllobacteriaceae; Aquibium; Aquibium oceanicum; 	Bacteria	Pseudomonadota	Alphaproteobacteria	Hyphomicrobiales	Phyllobacteriaceae	Aquibium	Aquibium oceanicum	10.300429184549357	7.017543859649122	24	GH13: Hyphomicrobiales	1	24
Control	GH13	GH13: Jiangellales	1	WP_162451876	95.6	WP_162451876	1130.93	maltose alpha-D-glucosyltransferase [Phytoactinopolyspora mesophila]	0.0	Phytoactinopolyspora mesophila	default_control_NODE_352_length_18713_cov_6.354851_8	Bacteria; Actinomycetota; Actinomycetes; Jiangellales; Jiangellaceae; Phytoactinopolyspora	default_control_NODE_352_length_18713_cov_6.354851_8	default_control	1.6497	NODE_352_length_18713_cov_6.354851	cellular organisms; Bacteria; Terrabacteria group; Actinomycetota; Actinomycetes; Jiangellales; Jiangellaceae; Phytoactinopolyspora; Phytoactinopolyspora limicola; 	Bacteria	Actinomycetota	Actinomycetes	Jiangellales	Jiangellaceae	Phytoactinopolyspora	Phytoactinopolyspora limicola	6.008583690987124	4.093567251461988	14	GH13: Jiangellales	1	14
Control	GH13	GH13: Kitasatosporales	1	WP_228473986	95.5	WP_228473986	537.724	maltose alpha-D-glucosyltransferase [Streptomyces calidiresistens]	0.0	Streptomyces calidiresistens	default_control_NODE_11289_length_4360_cov_3.306327_1	Bacteria; Actinomycetota; Actinomycetes; Kitasatosporales; Streptomycetaceae; Streptomyces	default_control_NODE_11289_length_4360_cov_3.306327_1	default_control	1.2165	NODE_11289_length_4360_cov_3.306327	cellular organisms; Bacteria; Terrabacteria group; Actinomycetota; Actinomycetes; Kitasatosporales; Streptomycetaceae; Streptomyces; Streptomyces calidiresistens; 	Bacteria	Actinomycetota	Actinomycetes	Kitasatosporales	Streptomycetaceae	Streptomyces	Streptomyces calidiresistens	2.575107296137339	1.7543859649122806	6	GH13: Kitasatosporales	0	6
Control	GH13	GH13: Micrococcales	1	MDQ3973854	64.9	MDQ3973854	774.237	sugar phosphorylase [Actinomycetota bacterium]	0.0	Actinomycetota bacterium	default_control_NODE_10999_length_4416_cov_4.043097_3	Bacteria; Actinomycetota	default_control_NODE_10999_length_4416_cov_4.043097_3	default_control	1.247	NODE_10999_length_4416_cov_4.043097	cellular organisms; Bacteria; Terrabacteria group; Actinomycetota; Actinomycetes; Micrococcales; 	Bacteria	Actinomycetota	Actinomycetes	Micrococcales	unclassified Micrococcales	unclassified Micrococcales	unclassified Micrococcales	0.8583690987124464	0.5847953216374269	2	GH13: Micrococcales	0	2
Control	GH13	GH13: Nitriliruptorales	1	WP_052667796	85.3	WP_052667796	1073.54	maltose alpha-D-glucosyltransferase [Nitriliruptor alkaliphilus]	0.0	Nitriliruptor alkaliphilus	default_control_NODE_3977_length_7134_cov_7.830665_1	Bacteria; Actinomycetota; Nitriliruptoria; Nitriliruptorales; Nitriliruptoraceae; Nitriliruptor	default_control_NODE_3977_length_7134_cov_7.830665_1	default_control	3.0223	NODE_3977_length_7134_cov_7.830665	cellular organisms; Bacteria; Terrabacteria group; Actinomycetota; Nitriliruptoria; Nitriliruptorales; Nitriliruptoraceae; Nitriliruptor; Nitriliruptor alkaliphilus; 	Bacteria	Actinomycetota	Nitriliruptoria	Nitriliruptorales	Nitriliruptoraceae	Nitriliruptor	Nitriliruptor alkaliphilus	3.4334763948497855	2.3391812865497075	8	GH13: Nitriliruptorales	1	8
Control	GH13	GH13: Others	0	MCS7050510	81.4	MCS7050510	662.914	maltose alpha-D-glucosyltransferase [Thermomicrobium sp.]	0.0	Thermomicrobium sp.	default_control_NODE_33614_length_2533_cov_3.308632_2	Bacteria; Thermomicrobiota; Thermomicrobia; Thermomicrobiales; Thermomicrobiaceae; Thermomicrobium	default_control_NODE_33614_length_2533_cov_3.308632_2	default_control	2.3527	NODE_33614_length_2533_cov_3.308632	cellular organisms; Bacteria; Pseudomonadota; Acidithiobacillia; Acidithiobacillales; Thermithiobacillaceae; Thermithiobacillus; Thermithiobacillus tepidarius; 	Bacteria	Pseudomonadota	Acidithiobacillia	Acidithiobacillales	Thermithiobacillaceae	Thermithiobacillus	Thermithiobacillus tepidarius	0.8583690987124464	0.5847953216374269	2	GH13: Acidithiobacillales	0	117
Control	GH13	GH13: Propionibacteriales	1	MPY81785	84.3	MPY81785	480.33	DUF3459 domain-containing protein [Actinophytocola sp.]	4.0799999999999997e-165	Actinophytocola sp.	default_control_NODE_5245_length_6278_cov_2.313659_1	Bacteria; Actinomycetota; Actinomycetes; Pseudonocardiales; Pseudonocardiaceae	default_control_NODE_5245_length_6278_cov_2.313659_1	default_control	0.7727	NODE_5245_length_6278_cov_2.313659	cellular organisms; Bacteria; Terrabacteria group; Actinomycetota; Actinomycetes; Propionibacteriales; Propionibacteriaceae; Cutibacterium; Cutibacterium acnes; 	Bacteria	Actinomycetota	Actinomycetes	Propionibacteriales	Propionibacteriaceae	Cutibacterium	Cutibacterium acnes	0.4291845493562232	0.29239766081871343	1	GH13: Propionibacteriales	0	1
Control	GH13	GH13: Pseudomonadales	1	WP_298146055	82.9	WP_298146055	707.597	glycogen debranching protein GlgX [uncultured Pseudomonas sp.]	0.0	uncultured Pseudomonas	default_control_NODE_11461_length_4327_cov_3.236941_3	Bacteria; Pseudomonadota; Gammaproteobacteria; Pseudomonadales; Pseudomonadaceae; Pseudomonas; environmental samples	default_control_NODE_11461_length_4327_cov_3.236941_3	default_control	0.6997	NODE_11461_length_4327_cov_3.236941	cellular organisms; Bacteria; Pseudomonadota; Gammaproteobacteria; Pseudomonadales; Pseudomonadaceae; Pseudomonas; 	Bacteria	Pseudomonadota	Gammaproteobacteria	Pseudomonadales	Pseudomonadaceae	Pseudomonas	unclassified Pseudomonas	3.8626609442060085	2.6315789473684212	9	GH13: Pseudomonadales	1	9
Control	GH13	GH13: Sphaerobacterales	1	TVR71433	90.7	TVR71433	677.167	maltose alpha-D-glucosyltransferase [Sphaerobacteraceae bacterium]	0.0	Sphaerobacteraceae bacterium	default_control_NODE_27249_length_2807_cov_2.664835_1	Bacteria; Thermomicrobiota; Thermomicrobia; Sphaerobacterales; Sphaerobacterineae; Sphaerobacteraceae	default_control_NODE_27249_length_2807_cov_2.664835_1	default_control	0.9384	NODE_27249_length_2807_cov_2.664835	cellular organisms; Bacteria; Terrabacteria group; Thermomicrobiota; Thermomicrobia; Sphaerobacterales; Sphaerobacterineae; Sphaerobacteraceae; unclassified Sphaerobacteraceae; Sphaerobacteraceae bacterium; 	Bacteria	Thermomicrobiota	Thermomicrobia	Sphaerobacterales	Sphaerobacteraceae	unclassified Sphaerobacteraceae	unclassified Sphaerobacteraceae	4.291845493562231	2.9239766081871346	10	GH13: Sphaerobacterales	1	10
Control	GH13	GH13: Streptosporangiales	1	UUP16725	76.0	UUP16725	894.419	Trehalose synthase/amylase TreS [Nitratireductor thuwali]	0.0	Nitratireductor thuwali	default_control_NODE_13228_length_4019_cov_2.372653_1	Bacteria; Pseudomonadota; Alphaproteobacteria; Hyphomicrobiales; Phyllobacteriaceae; Nitratireductor	default_control_NODE_13228_length_4019_cov_2.372653_1	default_control	1.7972	NODE_13228_length_4019_cov_2.372653	cellular organisms; Bacteria; Terrabacteria group; Actinomycetota; Actinomycetes; Streptosporangiales; Thermomonosporaceae; Actinomadura; 	Bacteria	Actinomycetota	Actinomycetes	Streptosporangiales	Thermomonosporaceae	Actinomadura	unclassified Actinomadura	2.575107296137339	1.7543859649122806	6	GH13: Streptosporangiales	0	6
Control	GH13	GH13: unclassified Actinomycetota	1	MCW3064516	82.2	MCW3064516	705.286	glgB [Solirubrobacterales bacterium]	0.0	Solirubrobacterales bacterium	default_control_NODE_9711_length_4684_cov_8.158237_3	Bacteria; Actinomycetota; Thermoleophilia; Solirubrobacterales	default_control_NODE_9711_length_4684_cov_8.158237_3	default_control	4.7381	NODE_9711_length_4684_cov_8.158237	cellular organisms; Bacteria; Terrabacteria group; Actinomycetota; unclassified Actinomycetota; Actinomycetota bacterium; 	Bacteria	Actinomycetota	unclassified Actinomycetota	unclassified Actinomycetota	unclassified Actinomycetota	unclassified Actinomycetota	unclassified Actinomycetota	4.291845493562231	2.9239766081871346	10	GH13: unclassified Actinomycetota	1	10
Control	GH13	GH13: unclassified Chloroflexota	1	MBA2633563	84.0	MBA2633563	992.645	maltose alpha-D-glucosyltransferase [Chloroflexota bacterium]	0.0	Chloroflexota bacterium	default_control_NODE_17686_length_3478_cov_3.003528_4	Bacteria; Chloroflexota	default_control_NODE_17686_length_3478_cov_3.003528_4	default_control	1.5147	NODE_17686_length_3478_cov_3.003528	cellular organisms; Bacteria; Terrabacteria group; Chloroflexota; unclassified Chloroflexota; Chloroflexota bacterium; 	Bacteria	Chloroflexota	unclassified Chloroflexota	unclassified Chloroflexota	unclassified Chloroflexota	unclassified Chloroflexota	unclassified Chloroflexota	6.866952789699571	4.678362573099415	16	GH13: unclassified Chloroflexota	1	16
Control	GH133	GH133: Others	0	MDF2782746	96.7	MDF2782746	1818.51	putative glycogen debranching enzyme [Nitrososphaeraceae archaeon]	0.0	Nitrososphaeraceae archaeon	default_control_NODE_487_length_16553_cov_4.708485_1	Archaea; Nitrososphaerota; Nitrososphaeria; Nitrososphaerales; Nitrososphaeraceae	default_control_NODE_487_length_16553_cov_4.708485_1	default_control	2.2365	NODE_487_length_16553_cov_4.708485	cellular organisms; Archaea; TACK group; Nitrososphaerota; Nitrososphaeria; Nitrososphaerales; Nitrososphaeraceae; Nitrososphaera; Candidatus Nitrososphaera gargensis; 	Archaea	TACK group	Nitrososphaeria	Nitrososphaerales	Nitrososphaeraceae	Nitrososphaera	Candidatus Nitrososphaera gargensis	50.0	0.29239766081871343	1	GH133: Nitrososphaerales	0	2
Control	GH15	GH15: Kitasatosporales	1	MDP8922732	69.7	MDP8922732	299.671	glycoside hydrolase family 15 protein [Chloroflexota bacterium]	6.61e-95	Chloroflexota bacterium	default_control_NODE_17801_length_3467_cov_5.164602_4	Bacteria; Chloroflexota	default_control_NODE_17801_length_3467_cov_5.164602_4	default_control	1.712	NODE_17801_length_3467_cov_5.164602	cellular organisms; Bacteria; Terrabacteria group; Actinomycetota; Actinomycetes; Kitasatosporales; Streptomycetaceae; Streptomyces; Streptomyces aidingensis; 	Bacteria	Actinomycetota	Actinomycetes	Kitasatosporales	Streptomycetaceae	Streptomyces	Streptomyces aidingensis	2.7777777777777777	0.5847953216374269	2	GH15: Kitasatosporales	0	2
Control	GH15	GH15: Others	0	WP_091377368	53.7	WP_091377368	325.479	glycoside hydrolase family 15 protein [Actinokineospora alba]	1.77e-105	Actinokineospora alba	default_control_NODE_20030_length_3269_cov_2.954261_3	Bacteria; Actinomycetota; Actinomycetes; Pseudonocardiales; Pseudonocardiaceae; Actinokineospora	default_control_NODE_20030_length_3269_cov_2.954261_3	default_control	1.0756	NODE_20030_length_3269_cov_2.954261	cellular organisms; Bacteria; Terrabacteria group; Bacillota; Bacilli; Bacillales; Bacillaceae; Mesobacillus; Mesobacillus subterraneus; 	Bacteria	Bacillota	Bacilli	Bacillales	Bacillaceae	Mesobacillus	Mesobacillus subterraneus	1.3888888888888888	0.29239766081871343	1	GH15: Bacillales	0	58
Control	GH15	GH15: Streptosporangiales	1	WP_269134571	89.2	WP_269134571	1025.0	glycoside hydrolase family 15 protein [Spiractinospora alimapuensis]	0.0	Spiractinospora alimapuensis	default_control_NODE_15188_length_3751_cov_4.736527_1	Bacteria; Actinomycetota; Actinomycetes; Streptosporangiales; Nocardiopsaceae; Spiractinospora	default_control_NODE_15188_length_3751_cov_4.736527_1	default_control	1.6205	NODE_15188_length_3751_cov_4.736527	cellular organisms; Bacteria; Terrabacteria group; Actinomycetota; Actinomycetes; Streptosporangiales; Nocardiopsaceae; Spiractinospora; Spiractinospora alimapuensis; 	Bacteria	Actinomycetota	Actinomycetes	Streptosporangiales	Nocardiopsaceae	Spiractinospora	Spiractinospora alimapuensis	6.944444444444445	1.4619883040935673	5	GH15: Streptosporangiales	0	5
Control	GH15	GH15: unclassified Chloroflexota	1	TMK68240	67.7	TMK68240	763.837	glycoside hydrolase family 15 protein [Actinomycetota bacterium]	0.0	Actinomycetota bacterium	default_control_NODE_384_length_18053_cov_5.647308_4	Bacteria; Actinomycetota	default_control_NODE_384_length_18053_cov_5.647308_4	default_control	1.6532	NODE_384_length_18053_cov_5.647308	cellular organisms; Bacteria; Terrabacteria group; Chloroflexota; unclassified Chloroflexota; Chloroflexota bacterium; 	Bacteria	Chloroflexota	unclassified Chloroflexota	unclassified Chloroflexota	unclassified Chloroflexota	unclassified Chloroflexota	unclassified Chloroflexota	9.722222222222221	2.046783625730994	7	GH15: unclassified Chloroflexota	1	7
Control	GH57	GH57: Others	0	PLS81844	74.9	PLS81844	667.537	alpha-amylase [Candidatus Saccharibacteria bacterium]	0.0	Candidatus Saccharibacteria	default_control_NODE_1142_length_11938_cov_4.556614_9	Bacteria; Candidatus Saccharibacteria	default_control_NODE_1142_length_11938_cov_4.556614_9	default_control	1.1102	NODE_1142_length_11938_cov_4.556614	cellular organisms; Bacteria; Bacteria incertae sedis; Bacteria candidate phyla; Candidatus Saccharibacteria; Candidatus Saccharimonadia; Candidatus Saccharimonadales; Candidatus Saccharimonadaceae; Candidatus Chaera; Candidatus Chaera renei; 	Bacteria	Candidatus Saccharibacteria	Candidatus Saccharimonadia	Candidatus Saccharimonadales	Candidatus Saccharimonadaceae	Candidatus Chaera	Candidatus Chaera renei	6.451612903225806	0.5847953216374269	2	GH57: Candidatus Saccharimonadales	0	31
Control	GH97	GH97: Others	0	WP_111640944	70.9	WP_111640944	989.564	family 43 glycosylhydrolase [Marinimicrobium alkaliphilum]	0.0	Marinimicrobium alkaliphilum	default_control_NODE_7395_length_5356_cov_2.665278_1	Bacteria; Pseudomonadota; Gammaproteobacteria; Cellvibrionales; Cellvibrionaceae; Marinimicrobium	default_control_NODE_7395_length_5356_cov_2.665278_1	default_control	0.6632	NODE_7395_length_5356_cov_2.665278	cellular organisms; Bacteria; Pseudomonadota; Gammaproteobacteria; Cellvibrionales; Cellvibrionaceae; Marinimicrobium; 	Bacteria	Pseudomonadota	Gammaproteobacteria	Cellvibrionales	Cellvibrionaceae	Marinimicrobium	unclassified Marinimicrobium	25.0	0.29239766081871343	1	GH97: Cellvibrionales	0	4
Ipomea	GH13	GH13: Bacillales	1	WP_273848370	99.2	WP_273848370	1330.08	1,4-alpha-glucan branching protein GlgB [Halalkalibacter alkalisediminis]	0.0	Halalkalibacter alkalisediminis	default_ipomea_NODE_1110_length_13415_cov_21.190583_2	Bacteria; Bacillota; Bacilli; Bacillales; Bacillaceae; Halalkalibacter	default_ipomea_NODE_1110_length_13415_cov_21.190583_2	default_ipomea	9.8555	NODE_1110_length_13415_cov_21.190583	cellular organisms; Bacteria; Terrabacteria group; Bacillota; Bacilli; Bacillales; Bacillaceae; Halalkalibacter; Halalkalibacter alkalisediminis; 	Bacteria	Bacillota	Bacilli	Bacillales	Bacillaceae	Halalkalibacter	Halalkalibacter alkalisediminis	33.734939759036145	27.184466019417474	56	GH13: Bacillales	1	56
Ipomea	GH13	GH13: Cytophagales	1	WP_114750577	72.1	WP_114750577	605.52	alpha-amylase family glycosyl hydrolase [Pleomorphovibrio marinus]	0.0	Pleomorphovibrio marinus	default_ipomea_NODE_10261_length_3397_cov_3.612349_1	Bacteria; Bacteroidota; Cytophagia; Cytophagales; Cyclobacteriaceae; Pleomorphovibrio	default_ipomea_NODE_10261_length_3397_cov_3.612349_1	default_ipomea	1.7133	NODE_10261_length_3397_cov_3.612349	cellular organisms; Bacteria; FCB group; Bacteroidota/Chlorobiota group; Bacteroidota; Cytophagia; Cytophagales; Cyclobacteriaceae; Cyclobacterium; Cyclobacterium lianum; 	Bacteria	Bacteroidota	Cytophagia	Cytophagales	Cyclobacteriaceae	Cyclobacterium	Cyclobacterium xiamenense	1.8072289156626506	1.4563106796116505	3	GH13: Cytophagales	0	3
Ipomea	GH13	GH13: Glycomycetales	1	WP_051393586	82.8	WP_051393586	893.649	glycoside hydrolase family 13 protein [Glycomyces arizonensis]	0.0	Glycomyces arizonensis	default_ipomea_NODE_1036_length_13840_cov_11.524668_6	Bacteria; Actinomycetota; Actinomycetes; Glycomycetales; Glycomycetaceae; Glycomyces	default_ipomea_NODE_1036_length_13840_cov_11.524668_6	default_ipomea	5.7752	NODE_1036_length_13840_cov_11.524668	cellular organisms; Bacteria; Terrabacteria group; Actinomycetota; Actinomycetes; Glycomycetales; Glycomycetaceae; Glycomyces; Glycomyces albidus; 	Bacteria	Actinomycetota	Actinomycetes	Glycomycetales	Glycomycetaceae	Glycomyces	Glycomyces albidus	1.8072289156626506	1.4563106796116505	3	GH13: Glycomycetales	0	3
Ipomea	GH13	GH13: Hyphomicrobiales	1	GLQ53546	94.0	GLQ53546	1246.88	1,4-alpha-glucan branching enzyme GlgB [Devosia nitrariae]	0.0	Devosia nitrariae	default_ipomea_NODE_9639_length_3538_cov_3.098815_1	Bacteria; Pseudomonadota; Alphaproteobacteria; Hyphomicrobiales; Devosiaceae; Devosia	default_ipomea_NODE_9639_length_3538_cov_3.098815_1	default_ipomea	2.0005	NODE_9639_length_3538_cov_3.098815	cellular organisms; Bacteria; Pseudomonadota; Alphaproteobacteria; Hyphomicrobiales; Devosiaceae; Devosia; Devosia nitrariae; 	Bacteria	Pseudomonadota	Alphaproteobacteria	Hyphomicrobiales	Devosiaceae	Devosia	Devosia nitrariae	8.433734939759036	6.796116504854369	14	GH13: Hyphomicrobiales	1	14
Ipomea	GH13	GH13: Hypocreales	1	KAH8125044	81.5	KAH8125044	488.419	glycoside hydrolase family 13 protein [Trichoderma asperelloides]	5.44e-168	Trichoderma asperelloides	default_ipomea_NODE_15138_length_2628_cov_1.353979_3	Eukaryota; Fungi; Dikarya; Ascomycota; Pezizomycotina; Sordariomycetes; Hypocreomycetidae; Hypocreales; Hypocreaceae; Trichoderma	default_ipomea_NODE_15138_length_2628_cov_1.353979_3	default_ipomea	0.9009	NODE_15138_length_2628_cov_1.353979	cellular organisms; Eukaryota; Opisthokonta; Fungi; Dikarya; Ascomycota; saccharomyceta; Pezizomycotina; leotiomyceta; sordariomyceta; Sordariomycetes; Hypocreomycetidae; Hypocreales; Hypocreaceae; Trichoderma; 	Eukaryota	Ascomycota	Sordariomycetes	Hypocreales	Hypocreaceae	Trichoderma	unclassified Trichoderma	1.2048192771084338	0.970873786407767	2	GH13: Hypocreales	0	2
Ipomea	GH13	GH13: Jiangellales	1	NED97397	97.4	NED97397	1146.34	maltose alpha-D-glucosyltransferase [Phytoactinopolyspora alkaliphila]	0.0	Phytoactinopolyspora alkaliphila	default_ipomea_NODE_1218_length_12714_cov_6.879639_3	Bacteria; Actinomycetota; Actinomycetes; Jiangellales; Jiangellaceae; Phytoactinopolyspora	default_ipomea_NODE_1218_length_12714_cov_6.879639_3	default_ipomea	3.2025	NODE_1218_length_12714_cov_6.879639	cellular organisms; Bacteria; Terrabacteria group; Actinomycetota; Actinomycetes; Jiangellales; Jiangellaceae; Phytoactinopolyspora; Phytoactinopolyspora alkaliphila; 	Bacteria	Actinomycetota	Actinomycetes	Jiangellales	Jiangellaceae	Phytoactinopolyspora	Phytoactinopolyspora alkaliphila	9.63855421686747	7.766990291262136	16	GH13: Jiangellales	1	16
Ipomea	GH13	GH13: Kitasatosporales	1	WP_103529588	95.9	WP_103529588	1136.71	MULTISPECIES: maltose alpha-D-glucosyltransferase [Streptomyces]	0.0	unclassified Streptomyces	default_ipomea_NODE_10719_length_3300_cov_6.060192_2	Bacteria; Actinomycetota; Actinomycetes; Kitasatosporales; Streptomycetaceae	default_ipomea_NODE_10719_length_3300_cov_6.060192_2	default_ipomea	4.8053	NODE_10719_length_3300_cov_6.060192	cellular organisms; Bacteria; Terrabacteria group; Actinomycetota; Actinomycetes; Kitasatosporales; Streptomycetaceae; Streptomyces; 	Bacteria	Actinomycetota	Actinomycetes	Kitasatosporales	Streptomycetaceae	Streptomyces	unclassified Streptomyces	1.8072289156626506	1.4563106796116505	3	GH13: Kitasatosporales	0	3
Ipomea	GH13	GH13: Micrococcales	1	WP_207276550	92.2	WP_207276550	1362.44	glycogen debranching protein GlgX [Myceligenerans salitolerans]	0.0	Myceligenerans salitolerans	default_ipomea_NODE_8671_length_3797_cov_6.046505_4	Bacteria; Actinomycetota; Actinomycetes; Micrococcales; Promicromonosporaceae; Myceligenerans	default_ipomea_NODE_8671_length_3797_cov_6.046505_4	default_ipomea	3.3449	NODE_8671_length_3797_cov_6.046505	cellular organisms; Bacteria; Terrabacteria group; Actinomycetota; Actinomycetes; Micrococcales; Promicromonosporaceae; Myceligenerans; Myceligenerans salitolerans; 	Bacteria	Actinomycetota	Actinomycetes	Micrococcales	Promicromonosporaceae	Myceligenerans	Myceligenerans salitolerans	9.036144578313253	7.281553398058253	15	GH13: Micrococcales	1	15
Ipomea	GH13	GH13: Nitriliruptorales	1	WP_052667796	81.3	WP_052667796	1182.55	maltose alpha-D-glucosyltransferase [Nitriliruptor alkaliphilus]	0.0	Nitriliruptor alkaliphilus	default_ipomea_NODE_6416_length_4650_cov_3.815220_2	Bacteria; Actinomycetota; Nitriliruptoria; Nitriliruptorales; Nitriliruptoraceae; Nitriliruptor	default_ipomea_NODE_6416_length_4650_cov_3.815220_2	default_ipomea	4.4444	NODE_6416_length_4650_cov_3.815220	cellular organisms; Bacteria; Terrabacteria group; Actinomycetota; Nitriliruptoria; Nitriliruptorales; Nitriliruptoraceae; Nitriliruptor; Nitriliruptor alkaliphilus; 	Bacteria	Actinomycetota	Nitriliruptoria	Nitriliruptorales	Nitriliruptoraceae	Nitriliruptor	Nitriliruptor alkaliphilus	1.2048192771084338	0.970873786407767	2	GH13: Nitriliruptorales	0	2
Ipomea	GH13	GH13: Others	0	MCE3249924	85.6	MCE3249924	211.846	glgX1 [Geminicoccaceae bacterium]	3.99e-63	Geminicoccaceae bacterium	default_ipomea_NODE_11349_length_3177_cov_2.380323_6	Bacteria; Pseudomonadota; Alphaproteobacteria; Rhodospirillales; Geminicoccaceae	default_ipomea_NODE_11349_length_3177_cov_2.380323_6	default_ipomea	1.3973	NODE_11349_length_3177_cov_2.380323	cellular organisms; Bacteria; Pseudomonadota; Gammaproteobacteria; Chromatiales; Ectothiorhodospiraceae; Natronospira; Natronospira proteinivora; 	Bacteria	Pseudomonadota	Gammaproteobacteria	Chromatiales	Ectothiorhodospiraceae	Natronospira	Natronospira proteinivora	0.6024096385542169	0.4854368932038835	1	GH13: Chromatiales	0	11
Ipomea	GH13	GH13: Propionibacteriales	1	EGD44327	96.1	EGD44327	1039.25	alpha-amylase family protein [Nocardioidaceae bacterium Broad-1]	0.0	Nocardioidaceae bacterium	default_ipomea_NODE_1492_length_11352_cov_11.912195_3	Bacteria; Actinomycetota; Actinomycetes; Propionibacteriales; Nocardioidaceae	default_ipomea_NODE_1492_length_11352_cov_11.912195_3	default_ipomea	5.9873	NODE_1492_length_11352_cov_11.912195	cellular organisms; Bacteria; Terrabacteria group; Actinomycetota; Actinomycetes; Propionibacteriales; Nocardioidaceae; Nocardioides; unclassified Nocardioides; Nocardioides sp. KC13; 	Bacteria	Actinomycetota	Actinomycetes	Propionibacteriales	Nocardioidaceae	Nocardioides	unclassified Nocardioides	15.060240963855422	12.135922330097088	25	GH13: Propionibacteriales	1	25
Ipomea	GH13	GH13: Streptosporangiales	1	WP_017580770	99.1	WP_017580770	1310.43	maltose alpha-D-glucosyltransferase [Nocardiopsis valliformis]	0.0	Nocardiopsis valliformis	default_ipomea_NODE_7096_length_4342_cov_6.804689_3	Bacteria; Actinomycetota; Actinomycetes; Streptosporangiales; Nocardiopsaceae; Nocardiopsis	default_ipomea_NODE_7096_length_4342_cov_6.804689_3	default_ipomea	4.7142	NODE_7096_length_4342_cov_6.804689	cellular organisms; Bacteria; Terrabacteria group; Actinomycetota; Actinomycetes; Streptosporangiales; Nocardiopsaceae; Nocardiopsis; 	Bacteria	Actinomycetota	Actinomycetes	Streptosporangiales	Nocardiopsaceae	Nocardiopsis	unclassified Nocardiopsis	9.63855421686747	7.766990291262136	16	GH13: Streptosporangiales	1	16
Ipomea	GH133	GH133: Others	0	MDQ3948691	98.1	MDQ3948691	1810.81	hypothetical protein [Thermoproteota archaeon]	0.0	Thermoproteota archaeon	default_ipomea_NODE_705_length_16709_cov_6.108045_5	Archaea; Thermoproteota	default_ipomea_NODE_705_length_16709_cov_6.108045_5	default_ipomea	4.4308	NODE_705_length_16709_cov_6.108045	cellular organisms; Archaea; TACK group; Nitrososphaerota; Nitrososphaeria; Nitrososphaerales; Nitrososphaeraceae; Nitrososphaera; Nitrososphaera viennensis; 	Archaea	TACK group	Nitrososphaeria	Nitrososphaerales	Nitrososphaeraceae	Nitrososphaera	Nitrososphaera viennensis	100.0	0.4854368932038835	1	GH133: Nitrososphaerales	0	1
Ipomea	GH14	GH14: Others	0	WP_240051010	82.1	WP_240051010	955.666	family 14 glycosylhydrolase [Metabacillus litoralis]	0.0	Metabacillus litoralis	default_ipomea_NODE_30_length_95458_cov_9.725595_24	Bacteria; Bacillota; Bacilli; Bacillales; Bacillaceae; Metabacillus	default_ipomea_NODE_30_length_95458_cov_9.725595_24	default_ipomea	4.6074	NODE_30_length_95458_cov_9.725595	cellular organisms; Bacteria; Terrabacteria group; Bacillota; Bacilli; Bacillales; Bacillaceae; Metabacillus; Metabacillus litoralis; 	Bacteria	Bacillota	Bacilli	Bacillales	Bacillaceae	Metabacillus	Metabacillus litoralis	100.0	0.4854368932038835	1	GH14: Bacillales	0	1
Ipomea	GH15	GH15: Kitasatosporales	1	WP_103500638	91.5	WP_103500638	1013.83	glycoside hydrolase family 15 protein [Streptomyces sp. SM14]	0.0	Streptomyces sp.	default_ipomea_NODE_9640_length_3537_cov_4.978613_2	Bacteria; Actinomycetota; Actinomycetes; Kitasatosporales; Streptomycetaceae; Streptomyces	default_ipomea_NODE_9640_length_3537_cov_4.978613_2	default_ipomea	4.1416	NODE_9640_length_3537_cov_4.978613	cellular organisms; Bacteria; Terrabacteria group; Actinomycetota; Actinomycetes; Kitasatosporales; Streptomycetaceae; Streptomyces; Streptomyces spiramenti; 	Bacteria	Actinomycetota	Actinomycetes	Kitasatosporales	Streptomycetaceae	Streptomyces	Streptomyces spiramenti	3.7037037037037037	0.4854368932038835	1	GH15: Kitasatosporales	0	1
Ipomea	GH15	GH15: Others	0	WP_205176178	91.5	WP_205176178	1189.48	glycoside hydrolase family 15 protein [Neobacillus cucumis]	0.0	Neobacillus cucumis	default_ipomea_NODE_894_length_14770_cov_8.821071_8	Bacteria; Bacillota; Bacilli; Bacillales; Bacillaceae; Neobacillus	default_ipomea_NODE_894_length_14770_cov_8.821071_8	default_ipomea	3.9973	NODE_894_length_14770_cov_8.821071	cellular organisms; Bacteria; Terrabacteria group; Bacillota; Bacilli; Bacillales; Bacillaceae; Neobacillus; Neobacillus cucumis; 	Bacteria	Bacillota	Bacilli	Bacillales	Bacillaceae	Neobacillus	Neobacillus cucumis	14.814814814814815	1.941747572815534	4	GH15: Bacillales	0	19
Ipomea	GH15	GH15: Streptosporangiales	1	WP_239646189	98.8	WP_239646189	1007.67	glycoside hydrolase family 15 protein [Nocardiopsis valliformis]	0.0	Nocardiopsis valliformis	default_ipomea_NODE_14511_length_2705_cov_5.821157_1	Bacteria; Actinomycetota; Actinomycetes; Streptosporangiales; Nocardiopsaceae; Nocardiopsis	default_ipomea_NODE_14511_length_2705_cov_5.821157_1	default_ipomea	3.7745	NODE_14511_length_2705_cov_5.821157	cellular organisms; Bacteria; Terrabacteria group; Actinomycetota; Actinomycetes; Streptosporangiales; Nocardiopsaceae; Nocardiopsis; Nocardiopsis valliformis; 	Bacteria	Actinomycetota	Actinomycetes	Streptosporangiales	Nocardiopsaceae	Nocardiopsis	Nocardiopsis valliformis	25.925925925925927	3.3980582524271843	7	GH15: Streptosporangiales	1	7
Ipomea	GH57	GH57: Others	0	WP_250096098	97.9	WP_250096098	1889.77	DUF1957 domain-containing protein [Halalkalibacter alkaliphilus]	0.0	Halalkalibacter alkaliphilus	default_ipomea_NODE_376_length_22806_cov_18.373532_12	Bacteria; Bacillota; Bacilli; Bacillales; Bacillaceae; Halalkalibacter	default_ipomea_NODE_376_length_22806_cov_18.373532_12	default_ipomea	8.3817	NODE_376_length_22806_cov_18.373532	cellular organisms; Bacteria; Terrabacteria group; Bacillota; Bacilli; Bacillales; Bacillaceae; Halalkalibacter; Halalkalibacter alkaliphilus; 	Bacteria	Bacillota	Bacilli	Bacillales	Bacillaceae	Halalkalibacter	Halalkalibacter alkaliphilus	28.571428571428573	0.970873786407767	2	GH57: Bacillales	0	7
Ipomea	GH97	GH97: Others	0	WP_068887023	67.9	WP_068887023	982.63	glycoside hydrolase family 97 protein [Pedobacter panaciterrae]	0.0	Pedobacter panaciterrae	default_ipomea_NODE_15701_length_2564_cov_2.686771_1	Bacteria; Bacteroidota; Sphingobacteriia; Sphingobacteriales; Sphingobacteriaceae; Pedobacter	default_ipomea_NODE_15701_length_2564_cov_2.686771_1	default_ipomea	1.5774	NODE_15701_length_2564_cov_2.686771	cellular organisms; Bacteria; FCB group; Bacteroidota/Chlorobiota group; Bacteroidota; Chitinophagia; Chitinophagales; Chitinophagaceae; Chitinophaga; unclassified Chitinophaga; Chitinophaga sp. XS-30; 	Bacteria	Bacteroidota	Cytophagia	Cytophagales	Cyclobacteriaceae	unclassified Cyclobacteriaceae	unclassified Cyclobacteriaceae	25.0	0.4854368932038835	1	GH97: Cytophagales	0	4
Potato	AA13	AA13: Others	0	KAI0601792	79.9	KAI0601792	343.969	hypothetical protein F4775DRAFT_539242 [Biscogniauxia sp. FL1348]	2.3900000000000002e-117	Biscogniauxia sp.	scaffolds_potato_NODE_468_length_22586_cov_9.152472_4	Eukaryota; Fungi; Dikarya; Ascomycota; Pezizomycotina; Sordariomycetes; Xylariomycetidae; Xylariales; Xylariaceae; Biscogniauxia	scaffolds_potato_NODE_468_length_22586_cov_9.152472_4	scaffolds_potato	2.8714	NODE_468_length_22586_cov_9.152472	cellular organisms; Eukaryota; Opisthokonta; Fungi; Dikarya; Ascomycota; saccharomyceta; Pezizomycotina; leotiomyceta; sordariomyceta; Sordariomycetes; Hypocreomycetidae; Hypocreales; Hypocreales incertae sedis; Emericellopsis; Emericellopsis cladophorae; 	Eukaryota	Ascomycota	Sordariomycetes	Hypocreales	Hypocreales incertae sedis	Emericellopsis	Emericellopsis cladophorae	100.0	1.5267175572519085	2	AA13: Hypocreales	0	2
Potato	GH13	GH13: Bacillales	1	AOE46668	64.2	AOE46668	962.214	cyclodextrin glycosyltransferase precursor [Bacillus sp. (in: firmicutes)]	0.0	Bacillus sp.	scaffolds_potato_NODE_12812_length_2778_cov_2.325435_2	Bacteria; Bacillota; Bacilli; Bacillales; Bacillaceae; Bacillus	scaffolds_potato_NODE_12812_length_2778_cov_2.325435_2	scaffolds_potato	1.298	NODE_12812_length_2778_cov_2.325435	cellular organisms; Bacteria; Terrabacteria group; Bacillota; Bacilli; Bacillales; Bacillaceae; 	Bacteria	Bacillota	Bacilli	Bacillales	Bacillaceae	unclassified Bacillaceae	unclassified Bacillaceae	0.9900990099009901	0.7633587786259542	1	GH13: Bacillales	0	1
Potato	GH13	GH13: Cytophagales	1	MBK6620175	73.7	MBK6620175	717.227	alpha-glucosidase C-terminal domain-containing protein [Saprospirales bacterium]	0.0	Saprospirales bacterium	scaffolds_potato_NODE_112_length_42395_cov_102.288577_17	Bacteria; Bacteroidota; Saprospiria; Saprospirales	scaffolds_potato_NODE_112_length_42395_cov_102.288577_17	scaffolds_potato	35.2923	NODE_112_length_42395_cov_102.288577	cellular organisms; Bacteria; FCB group; Bacteroidota/Chlorobiota group; Bacteroidota; Cytophagia; Cytophagales; Hymenobacteraceae; Pontibacter; 	Bacteria	Bacteroidota	Cytophagia	Cytophagales	Hymenobacteraceae	Pontibacter	unclassified Hymenobacteraceae	23.762376237623762	18.3206106870229	24	GH13: Cytophagales	1	24
Potato	GH13	GH13: Glomerellales	1	SPO04174	73.7	SPO04174	892.878	probable alpha-amylase [Cephalotrichum gorgonifer]	0.0	Cephalotrichum gorgonifer	scaffolds_potato_NODE_413_length_24297_cov_10.610900_21	Eukaryota; Fungi; Dikarya; Ascomycota; Pezizomycotina; Sordariomycetes; Hypocreomycetidae; Microascales; Microascaceae; Cephalotrichum	scaffolds_potato_NODE_413_length_24297_cov_10.610900_21	scaffolds_potato	3.2152	NODE_413_length_24297_cov_10.610900	cellular organisms; Eukaryota; Opisthokonta; Fungi; Dikarya; Ascomycota; saccharomyceta; Pezizomycotina; leotiomyceta; sordariomyceta; Sordariomycetes; Hypocreomycetidae; Glomerellales; Plectosphaerellaceae; Plectosphaerella; Plectosphaerella cucumerina; 	Eukaryota	Ascomycota	Sordariomycetes	Glomerellales	Plectosphaerellaceae	Plectosphaerella	Plectosphaerella cucumerina	3.9603960396039604	3.053435114503817	4	GH13: Glomerellales	1	4
Potato	GH13	GH13: Glycomycetales	1	WP_248597942	91.4	WP_248597942	401.364	malto-oligosyltrehalose trehalohydrolase [Agromyces sp. C10]	4.8e-131	Agromyces sp.	scaffolds_potato_NODE_2020_length_10228_cov_10.071027_7	Bacteria; Actinomycetota; Actinomycetes; Micrococcales; Microbacteriaceae; Agromyces	scaffolds_potato_NODE_2020_length_10228_cov_10.071027_7	scaffolds_potato	4.2671	NODE_2020_length_10228_cov_10.071027	cellular organisms; Bacteria; Terrabacteria group; Actinomycetota; Actinomycetes; Glycomycetales; Glycomycetaceae; Glycomyces; Glycomyces dulcitolivorans; 	Bacteria	Actinomycetota	Actinomycetes	Glycomycetales	Glycomycetaceae	Glycomyces	Glycomyces dulcitolivorans	4.9504950495049505	3.816793893129771	5	GH13: Glycomycetales	1	5
Potato	GH13	GH13: Hyphomicrobiales	1	MBN9036956	89.1	MBN9036956	461.07	alpha-glucosidase [Hyphomicrobiales bacterium]	4.98e-158	Hyphomicrobiales bacterium	scaffolds_potato_NODE_3611_length_6947_cov_4.366230_5	Bacteria; Pseudomonadota; Alphaproteobacteria; Hyphomicrobiales	scaffolds_potato_NODE_3611_length_6947_cov_4.366230_5	scaffolds_potato	1.8632	NODE_3611_length_6947_cov_4.366230	cellular organisms; Bacteria; Pseudomonadota; Alphaproteobacteria; Hyphomicrobiales; Phyllobacteriaceae; Nitratireductor; 	Bacteria	Pseudomonadota	Alphaproteobacteria	Hyphomicrobiales	Phyllobacteriaceae	Nitratireductor	unclassified Nitratireductor	10.891089108910892	8.396946564885496	11	GH13: Hyphomicrobiales	1	11
Potato	GH13	GH13: Hypocreales	1	KAH8175125	79.2	KAH8175125	975.311	alpha amylase, catalytic domain-containing protein [Sarocladium implicatum]	0.0	Sarocladium implicatum	scaffolds_potato_NODE_251_length_30881_cov_8.907674_19	Eukaryota; Fungi; Dikarya; Ascomycota; Pezizomycotina; Sordariomycetes; Hypocreomycetidae; Hypocreales; Sarocladiaceae; Sarocladium	scaffolds_potato_NODE_251_length_30881_cov_8.907674_19	scaffolds_potato	2.863	NODE_251_length_30881_cov_8.907674	cellular organisms; Eukaryota; Opisthokonta; Fungi; Dikarya; Ascomycota; saccharomyceta; Pezizomycotina; leotiomyceta; sordariomyceta; Sordariomycetes; Hypocreomycetidae; Hypocreales; Nectriaceae; Fusarium; Fusarium burgessii species complex; Fusarium beomiforme; 	Eukaryota	Ascomycota	Sordariomycetes	Hypocreales	Nectriaceae	Fusarium	Fusarium burgessii species complex	4.9504950495049505	3.816793893129771	5	GH13: Hypocreales	1	5
Potato	GH13	GH13: Jiangellales	1	NDL59082	92.7	NDL59082	1156.74	glycogen debranching protein GlgX [Phytoactinopolyspora mesophila]	0.0	Phytoactinopolyspora mesophila	scaffolds_potato_NODE_13512_length_2675_cov_4.313703_2	Bacteria; Actinomycetota; Actinomycetes; Jiangellales; Jiangellaceae; Phytoactinopolyspora	scaffolds_potato_NODE_13512_length_2675_cov_4.313703_2	scaffolds_potato	1.5642	NODE_13512_length_2675_cov_4.313703	cellular organisms; Bacteria; Terrabacteria group; Actinomycetota; Actinomycetes; Jiangellales; Jiangellaceae; Phytoactinopolyspora; Phytoactinopolyspora alkaliphila; 	Bacteria	Actinomycetota	Actinomycetes	Jiangellales	Jiangellaceae	Phytoactinopolyspora	Phytoactinopolyspora alkaliphila	4.9504950495049505	3.816793893129771	5	GH13: Jiangellales	1	5
Potato	GH13	GH13: Kitasatosporales	1	WP_103529588	95.9	WP_103529588	1138.64	MULTISPECIES: maltose alpha-D-glucosyltransferase [Streptomyces]	0.0	unclassified Streptomyces	scaffolds_potato_NODE_7482_length_4106_cov_22.497890_2	Bacteria; Actinomycetota; Actinomycetes; Kitasatosporales; Streptomycetaceae	scaffolds_potato_NODE_7482_length_4106_cov_22.497890_2	scaffolds_potato	8.2599	NODE_7482_length_4106_cov_22.497890	cellular organisms; Bacteria; Terrabacteria group; Actinomycetota; Actinomycetes; Kitasatosporales; Streptomycetaceae; Streptomyces; 	Bacteria	Actinomycetota	Actinomycetes	Kitasatosporales	Streptomycetaceae	Streptomyces	unclassified Streptomyces	7.920792079207921	6.106870229007634	8	GH13: Kitasatosporales	1	8
Potato	GH13	GH13: Micrococcales	1	WP_166851323	88.9	WP_166851323	997.268	glycoside hydrolase family 13 protein [Isoptericola sp. BMS4]	0.0	Isoptericola sp.	scaffolds_potato_NODE_2691_length_8522_cov_10.538070_8	Bacteria; Actinomycetota; Actinomycetes; Micrococcales; Promicromonosporaceae; Isoptericola	scaffolds_potato_NODE_2691_length_8522_cov_10.538070_8	scaffolds_potato	3.8859	NODE_2691_length_8522_cov_10.538070	cellular organisms; Bacteria; Terrabacteria group; Actinomycetota; Actinomycetes; Micrococcales; Micrococcaceae; Arthrobacter; unclassified Arthrobacter; Arthrobacter sp. CJ23; 	Bacteria	Actinomycetota	Actinomycetes	Micrococcales	Micrococcaceae	Arthrobacter	unclassified Arthrobacter	6.930693069306931	5.343511450381679	7	GH13: Micrococcales	1	7
Potato	GH13	GH13: Nitriliruptorales	1	MBS3942215	89.6	MBS3942215	900.197	maltose alpha-D-glucosyltransferase [Actinomycetes bacterium]	0.0	Actinomycetes bacterium	scaffolds_potato_NODE_11500_length_2990_cov_5.682115_2	Bacteria; Actinomycetota	scaffolds_potato_NODE_11500_length_2990_cov_5.682115_2	scaffolds_potato	4.676	NODE_11500_length_2990_cov_5.682115	cellular organisms; Bacteria; Terrabacteria group; Actinomycetota; Nitriliruptoria; Nitriliruptorales; Nitriliruptoraceae; Nitriliruptor; Nitriliruptor alkaliphilus; 	Bacteria	Actinomycetota	Nitriliruptoria	Nitriliruptorales	Nitriliruptoraceae	Nitriliruptor	Nitriliruptor alkaliphilus	1.9801980198019802	1.5267175572519085	2	GH13: Nitriliruptorales	0	2
Potato	GH13	GH13: Others	0	MDB5151381	57.9	MDB5151381	819.305	pulA [Mucilaginibacter sp.]	0.0	Mucilaginibacter sp.	scaffolds_potato_NODE_4_length_154313_cov_99.148143_116	Bacteria; Bacteroidota; Sphingobacteriia; Sphingobacteriales; Sphingobacteriaceae; Mucilaginibacter	scaffolds_potato_NODE_4_length_154313_cov_99.148143_116	scaffolds_potato	34.2397	NODE_4_length_154313_cov_99.148143	cellular organisms; Bacteria; FCB group; Bacteroidota/Chlorobiota group; Bacteroidota; unclassified Bacteroidota; Bacteroidota bacterium; 	Bacteria	Balneolota	Balneolia	Balneolales	Balneolaceae	Aliifodinibius	Aliifodinibius saliphilus	1.9801980198019802	1.5267175572519085	2	GH13: Balneolales	0	14
Potato	GH13	GH13: Propionibacteriales	1	EGD44327	96.1	EGD44327	1038.48	alpha-amylase family protein [Nocardioidaceae bacterium Broad-1]	0.0	Nocardioidaceae bacterium	scaffolds_potato_NODE_1916_length_10551_cov_9.444625_8	Bacteria; Actinomycetota; Actinomycetes; Propionibacteriales; Nocardioidaceae	scaffolds_potato_NODE_1916_length_10551_cov_9.444625_8	scaffolds_potato	3.2209	NODE_1916_length_10551_cov_9.444625	cellular organisms; Bacteria; Terrabacteria group; Actinomycetota; Actinomycetes; Propionibacteriales; Nocardioidaceae; Nocardioides; unclassified Nocardioides; Nocardioides sp. KC13; 	Bacteria	Actinomycetota	Actinomycetes	Propionibacteriales	Nocardioidaceae	Nocardioides	unclassified Nocardioides	11.881188118811881	9.16030534351145	12	GH13: Propionibacteriales	1	12
Potato	GH13	GH13: unclassified Bacteroidota	1	MCC5908527	63.0	MCC5908527	781.941	sugar phosphorylase [Balneolaceae bacterium]	0.0	Balneolaceae bacterium	scaffolds_potato_NODE_7840_length_3959_cov_3.034003_3	Bacteria; Balneolota; Balneolia; Balneolales; Balneolaceae	scaffolds_potato_NODE_7840_length_3959_cov_3.034003_3	scaffolds_potato	1.5209	NODE_7840_length_3959_cov_3.034003	cellular organisms; Bacteria; FCB group; Bacteroidota/Chlorobiota group; Balneolota; Balneolia; Balneolales; Balneolaceae; unclassified Balneolaceae; Balneolaceae bacterium; 	Bacteria	FCB group	Bacteroidota/Chlorobiota group	unclassified Bacteroidota	unclassified Bacteroidota	unclassified Bacteroidota	unclassified Bacteroidota	2.9702970297029703	2.2900763358778624	3	GH13: unclassified Bacteroidota	1	3
Potato	GH133	GH133: Others	0	UPK96881	80.0	UPK96881	2365.88	hypothetical protein LCI18_007816 [Fusarium solani-melongenae]	0.0	Fusarium solani-melongenae	scaffolds_potato_NODE_133_length_39888_cov_9.129964_26	Eukaryota; Fungi; Dikarya; Ascomycota; Pezizomycotina; Sordariomycetes; Hypocreomycetidae; Hypocreales; Nectriaceae; Fusarium; Fusarium solani species complex	scaffolds_potato_NODE_133_length_39888_cov_9.129964_26	scaffolds_potato	2.8088	NODE_133_length_39888_cov_9.129964	cellular organisms; Eukaryota; Opisthokonta; Fungi; Dikarya; Ascomycota; saccharomyceta; Pezizomycotina; leotiomyceta; sordariomyceta; Sordariomycetes; Hypocreomycetidae; Hypocreales; Clavicipitaceae; Ustilaginoidea; Ustilaginoidea virens; 	Eukaryota	Ascomycota	Sordariomycetes	Hypocreales	Clavicipitaceae	Ustilaginoidea	Ustilaginoidea virens	100.0	0.7633587786259542	1	GH133: Hypocreales	0	1
Potato	GH15	GH15: Kitasatosporales	1	WP_103500638	91.7	WP_103500638	1083.17	glycoside hydrolase family 15 protein [Streptomyces sp. SM14]	0.0	Streptomyces sp.	scaffolds_potato_NODE_8298_length_3783_cov_20.927685_1	Bacteria; Actinomycetota; Actinomycetes; Kitasatosporales; Streptomycetaceae; Streptomyces	scaffolds_potato_NODE_8298_length_3783_cov_20.927685_1	scaffolds_potato	7.5174	NODE_8298_length_3783_cov_20.927685	cellular organisms; Bacteria; Terrabacteria group; Actinomycetota; Actinomycetes; Kitasatosporales; Streptomycetaceae; Streptomyces; Streptomyces lonarensis; 	Bacteria	Actinomycetota	Actinomycetes	Kitasatosporales	Streptomycetaceae	Streptomyces	Streptomyces lonarensis	17.647058823529413	2.2900763358778624	3	GH15: Kitasatosporales	1	3
Potato	GH15	GH15: Others	0	WP_129196905	68.4	WP_129196905	645.195	glycoside hydrolase family 15 protein [Ammoniphilus sp. CFH 90114]	0.0	Ammoniphilus sp.	scaffolds_potato_NODE_11716_length_2953_cov_1.966273_1	Bacteria; Bacillota; Bacilli; Bacillales; Paenibacillaceae; Aneurinibacillus group; Ammoniphilus	scaffolds_potato_NODE_11716_length_2953_cov_1.966273_1	scaffolds_potato	1.2038	NODE_11716_length_2953_cov_1.966273	cellular organisms; Bacteria; Terrabacteria group; Bacillota; Bacilli; Bacillales; Paenibacillaceae; Aneurinibacillus group; Ammoniphilus; Ammoniphilus resinae; 	Bacteria	Bacillota	Bacilli	Bacillales	Paenibacillaceae	Aneurinibacillus group	Ammoniphilus	5.882352941176471	0.7633587786259542	1	GH15: Bacillales	0	14
Potato	GH57	GH57: Others	0	MBP7168118	57.0	MBP7168118	469.544	glycoside hydrolase family 57 protein [Bacteroidia bacterium]	5.43e-161	Bacteroidia bacterium	scaffolds_potato_NODE_21_length_83403_cov_99.820032_48	Bacteria; Bacteroidota; Bacteroidia	scaffolds_potato_NODE_21_length_83403_cov_99.820032_48	scaffolds_potato	34.5316	NODE_21_length_83403_cov_99.820032	cellular organisms; Bacteria; FCB group; Bacteroidota/Chlorobiota group; Bacteroidota; Flavobacteriia; Flavobacteriales; Flavobacteriaceae; Muricauda; Muricauda lutaonensis; 	Bacteria	Bacteroidota	Flavobacteriia	Flavobacteriales	Flavobacteriaceae	Muricauda	Muricauda lutaonensis	33.333333333333336	0.7633587786259542	1	GH57: Flavobacteriales	0	3
Potato	GH97	GH97: Others	0	WP_192773868	73.1	WP_192773868	411.764	glycoside hydrolase family 97 protein [Nonomuraea africana]	2.6499999999999997e-137	Nonomuraea africana	scaffolds_potato_NODE_14821_length_2514_cov_2.222405_2	Bacteria; Actinomycetota; Actinomycetes; Streptosporangiales; Streptosporangiaceae; Nonomuraea	scaffolds_potato_NODE_14821_length_2514_cov_2.222405_2	scaffolds_potato	1.0081	NODE_14821_length_2514_cov_2.222405	cellular organisms; Bacteria; Terrabacteria group; Actinomycetota; Nitriliruptoria; Egicoccales; Egicoccaceae; Egicoccus; Egicoccus halophilus; 	Bacteria	Actinomycetota	Nitriliruptoria	Egicoccales	Egicoccaceae	Egicoccus	Egicoccus halophilus	28.571428571428573	1.5267175572519085	2	GH97: Egicoccales	0	4
Potato	GH97	GH97: Xanthomonadales	1	WP_133320915	88.8	WP_133320915	1225.31	glycoside hydrolase family 97 protein [Luteimonas aestuarii]	0.0	Luteimonas aestuarii	scaffolds_potato_NODE_9871_length_3334_cov_5.375499_2	Bacteria; Pseudomonadota; Gammaproteobacteria; Xanthomonadales; Xanthomonadaceae; Luteimonas	scaffolds_potato_NODE_9871_length_3334_cov_5.375499_2	scaffolds_potato	2.9589	NODE_9871_length_3334_cov_5.375499	cellular organisms; Bacteria; Pseudomonadota; Gammaproteobacteria; Xanthomonadales; Xanthomonadaceae; Luteimonas; Luteimonas aestuarii; 	Bacteria	Pseudomonadota	Gammaproteobacteria	Xanthomonadales	Xanthomonadaceae	Luteimonas	Luteimonas aestuarii	42.857142857142854	2.2900763358778624	3	GH97: Xanthomonadales	1	3
